Domaine,Zone,Élément,Produit,Année,Unité,Valeur
"Séries temporelles annuelles","Afghanistan","Population totale","Population-Estimations","2000","1000 personnes","19542.982"
"Séries temporelles annuelles","Afghanistan","Population totale","Population-Estimations","2022","1000 personnes","41128.771"
"Séries temporelles annuelles","Afrique du Sud","Population totale","Population-Estimations","2000","1000 personnes","46813.266"
"Séries temporelles annuelles","Afrique du Sud","Population totale","Population-Estimations","2022","1000 personnes","59893.885"
"Séries temporelles annuelles","Albanie","Population totale","Population-Estimations","2000","1000 personnes","3182.021"
"Séries temporelles annuelles","Albanie","Population totale","Population-Estimations","2022","1000 personnes","2842.321"
"Séries temporelles annuelles","Algérie","Population totale","Population-Estimations","2000","1000 personnes","30774.621"
"Séries temporelles annuelles","Algérie","Population totale","Population-Estimations","2022","1000 personnes","44903.225"
"Séries temporelles annuelles","Allemagne","Population totale","Population-Estimations","2000","1000 personnes","81551.677"
"Séries temporelles annuelles","Allemagne","Population totale","Population-Estimations","2022","1000 personnes","83369.843"
"Séries temporelles annuelles","Andorre","Population totale","Population-Estimations","2000","1000 personnes","66.097"
"Séries temporelles annuelles","Andorre","Population totale","Population-Estimations","2022","1000 personnes","79.824"
"Séries temporelles annuelles","Angola","Population totale","Population-Estimations","2000","1000 personnes","16394.062"
"Séries temporelles annuelles","Angola","Population totale","Population-Estimations","2022","1000 personnes","35588.987"
"Séries temporelles annuelles","Anguilla","Population totale","Population-Estimations","2000","1000 personnes","11.047"
"Séries temporelles annuelles","Anguilla","Population totale","Population-Estimations","2022","1000 personnes","15.857"
"Séries temporelles annuelles","Antigua-et-Barbuda","Population totale","Population-Estimations","2000","1000 personnes","75.055"
"Séries temporelles annuelles","Antigua-et-Barbuda","Population totale","Population-Estimations","2022","1000 personnes","93.763"
"Séries temporelles annuelles","Antilles néerlandaises (ex)","Population totale","Population-Estimations","2000","1000 personnes","222.565"
"Séries temporelles annuelles","Arabie saoudite","Population totale","Population-Estimations","2000","1000 personnes","21547.39"
"Séries temporelles annuelles","Arabie saoudite","Population totale","Population-Estimations","2022","1000 personnes","36408.82"
"Séries temporelles annuelles","Argentine","Population totale","Population-Estimations","2000","1000 personnes","37070.774"
"Séries temporelles annuelles","Argentine","Population totale","Population-Estimations","2022","1000 personnes","45510.318"
"Séries temporelles annuelles","Arménie","Population totale","Population-Estimations","2000","1000 personnes","3168.523"
"Séries temporelles annuelles","Arménie","Population totale","Population-Estimations","2022","1000 personnes","2780.469"
"Séries temporelles annuelles","Aruba","Population totale","Population-Estimations","2000","1000 personnes","89.101"
"Séries temporelles annuelles","Aruba","Population totale","Population-Estimations","2022","1000 personnes","106.445"
"Séries temporelles annuelles","Australie","Population totale","Population-Estimations","2000","1000 personnes","19017.963"
"Séries temporelles annuelles","Australie","Population totale","Population-Estimations","2022","1000 personnes","26177.413"
"Séries temporelles annuelles","Autriche","Population totale","Population-Estimations","2000","1000 personnes","8010.428"
"Séries temporelles annuelles","Autriche","Population totale","Population-Estimations","2022","1000 personnes","8939.617"
"Séries temporelles annuelles","Azerbaïdjan","Population totale","Population-Estimations","2000","1000 personnes","8190.337"
"Séries temporelles annuelles","Azerbaïdjan","Population totale","Population-Estimations","2022","1000 personnes","10358.074"
"Séries temporelles annuelles","Bahamas","Population totale","Population-Estimations","2000","1000 personnes","325.014"
"Séries temporelles annuelles","Bahamas","Population totale","Population-Estimations","2022","1000 personnes","409.984"
"Séries temporelles annuelles","Bahreïn","Population totale","Population-Estimations","2000","1000 personnes","711.442"
"Séries temporelles annuelles","Bahreïn","Population totale","Population-Estimations","2022","1000 personnes","1472.233"
"Séries temporelles annuelles","Bangladesh","Population totale","Population-Estimations","2000","1000 personnes","129193.327"
"Séries temporelles annuelles","Bangladesh","Population totale","Population-Estimations","2022","1000 personnes","171186.372"
"Séries temporelles annuelles","Barbade","Population totale","Population-Estimations","2000","1000 personnes","264.657"
"Séries temporelles annuelles","Barbade","Population totale","Population-Estimations","2022","1000 personnes","281.635"
"Séries temporelles annuelles","Bélarus","Population totale","Population-Estimations","2000","1000 personnes","10256.483"
"Séries temporelles annuelles","Bélarus","Population totale","Population-Estimations","2022","1000 personnes","9534.954"
"Séries temporelles annuelles","Belgique","Population totale","Population-Estimations","2000","1000 personnes","10264.343"
"Séries temporelles annuelles","Belgique","Population totale","Population-Estimations","2022","1000 personnes","11655.93"
"Séries temporelles annuelles","Belize","Population totale","Population-Estimations","2000","1000 personnes","240.406"
"Séries temporelles annuelles","Belize","Population totale","Population-Estimations","2022","1000 personnes","405.272"
"Séries temporelles annuelles","Bénin","Population totale","Population-Estimations","2000","1000 personnes","6998.023"
"Séries temporelles annuelles","Bénin","Population totale","Population-Estimations","2022","1000 personnes","13352.864"
"Séries temporelles annuelles","Bermudes","Population totale","Population-Estimations","2000","1000 personnes","61.371"
"Séries temporelles annuelles","Bermudes","Population totale","Population-Estimations","2022","1000 personnes","64.184"
"Séries temporelles annuelles","Bhoutan","Population totale","Population-Estimations","2000","1000 personnes","587.207"
"Séries temporelles annuelles","Bhoutan","Population totale","Population-Estimations","2022","1000 personnes","782.455"
"Séries temporelles annuelles","Bolivie (État plurinational de)","Population totale","Population-Estimations","2000","1000 personnes","8592.656"
"Séries temporelles annuelles","Bolivie (État plurinational de)","Population totale","Population-Estimations","2022","1000 personnes","12224.11"
"Séries temporelles annuelles","Bonaire, Saint-Eustache et Saba","Population totale","Population-Estimations","2022","1000 personnes","27.026"
"Séries temporelles annuelles","Bosnie-Herzégovine","Population totale","Population-Estimations","2000","1000 personnes","4179.35"
"Séries temporelles annuelles","Bosnie-Herzégovine","Population totale","Population-Estimations","2022","1000 personnes","3233.526"
"Séries temporelles annuelles","Botswana","Population totale","Population-Estimations","2000","1000 personnes","1726.985"
"Séries temporelles annuelles","Botswana","Population totale","Population-Estimations","2022","1000 personnes","2630.296"
"Séries temporelles annuelles","Brésil","Population totale","Population-Estimations","2000","1000 personnes","175873.72"
"Séries temporelles annuelles","Brésil","Population totale","Population-Estimations","2022","1000 personnes","215313.498"
"Séries temporelles annuelles","Brunéi Darussalam","Population totale","Population-Estimations","2000","1000 personnes","333.926"
"Séries temporelles annuelles","Brunéi Darussalam","Population totale","Population-Estimations","2022","1000 personnes","449.002"
"Séries temporelles annuelles","Bulgarie","Population totale","Population-Estimations","2000","1000 personnes","8097.691"
"Séries temporelles annuelles","Bulgarie","Population totale","Population-Estimations","2022","1000 personnes","6781.953"
"Séries temporelles annuelles","Burkina Faso","Population totale","Population-Estimations","2000","1000 personnes","11882.888"
"Séries temporelles annuelles","Burkina Faso","Population totale","Population-Estimations","2022","1000 personnes","22673.762"
"Séries temporelles annuelles","Burundi","Population totale","Population-Estimations","2000","1000 personnes","6307.659"
"Séries temporelles annuelles","Burundi","Population totale","Population-Estimations","2022","1000 personnes","12889.576"
"Séries temporelles annuelles","Cabo Verde","Population totale","Population-Estimations","2000","1000 personnes","458.251"
"Séries temporelles annuelles","Cabo Verde","Population totale","Population-Estimations","2022","1000 personnes","593.149"
"Séries temporelles annuelles","Cambodge","Population totale","Population-Estimations","2000","1000 personnes","12118.841"
"Séries temporelles annuelles","Cambodge","Population totale","Population-Estimations","2022","1000 personnes","16767.842"
"Séries temporelles annuelles","Cameroun","Population totale","Population-Estimations","2000","1000 personnes","15091.594"
"Séries temporelles annuelles","Cameroun","Population totale","Population-Estimations","2022","1000 personnes","27914.536"
"Séries temporelles annuelles","Canada","Population totale","Population-Estimations","2000","1000 personnes","30683.313"
"Séries temporelles annuelles","Canada","Population totale","Population-Estimations","2022","1000 personnes","38454.327"
"Séries temporelles annuelles","Chili","Population totale","Population-Estimations","2000","1000 personnes","15351.799"
"Séries temporelles annuelles","Chili","Population totale","Population-Estimations","2022","1000 personnes","19603.733"
"Séries temporelles annuelles","Chine","Population totale","Population-Estimations","2000","1000 personnes","1293456.891"
"Séries temporelles annuelles","Chine","Population totale","Population-Estimations","2022","1000 personnes","1457964.764"
"Séries temporelles annuelles","Chine - RAS de Hong-Kong","Population totale","Population-Estimations","2000","1000 personnes","6731.195"
"Séries temporelles annuelles","Chine - RAS de Hong-Kong","Population totale","Population-Estimations","2022","1000 personnes","7488.865"
"Séries temporelles annuelles","Chine - RAS de Macao","Population totale","Population-Estimations","2000","1000 personnes","431.896"
"Séries temporelles annuelles","Chine - RAS de Macao","Population totale","Population-Estimations","2022","1000 personnes","695.168"
"Séries temporelles annuelles","Chine, continentale","Population totale","Population-Estimations","2000","1000 personnes","1264099.069"
"Séries temporelles annuelles","Chine, continentale","Population totale","Population-Estimations","2022","1000 personnes","1425887.337"
"Séries temporelles annuelles","Chine, Taiwan Province de","Population totale","Population-Estimations","2000","1000 personnes","22194.731"
"Séries temporelles annuelles","Chine, Taiwan Province de","Population totale","Population-Estimations","2022","1000 personnes","23893.394"
"Séries temporelles annuelles","Chypre","Population totale","Population-Estimations","2000","1000 personnes","948.237"
"Séries temporelles annuelles","Chypre","Population totale","Population-Estimations","2022","1000 personnes","1251.488"
"Séries temporelles annuelles","Colombie","Population totale","Population-Estimations","2000","1000 personnes","39215.135"
"Séries temporelles annuelles","Colombie","Population totale","Population-Estimations","2022","1000 personnes","51874.024"
"Séries temporelles annuelles","Comores","Population totale","Population-Estimations","2000","1000 personnes","536.758"
"Séries temporelles annuelles","Comores","Population totale","Population-Estimations","2022","1000 personnes","836.774"
"Séries temporelles annuelles","Congo","Population totale","Population-Estimations","2000","1000 personnes","3134.03"
"Séries temporelles annuelles","Congo","Population totale","Population-Estimations","2022","1000 personnes","5970.424"
"Séries temporelles annuelles","Costa Rica","Population totale","Population-Estimations","2000","1000 personnes","3979.193"
"Séries temporelles annuelles","Costa Rica","Population totale","Population-Estimations","2022","1000 personnes","5180.829"
"Séries temporelles annuelles","Côte d'Ivoire","Population totale","Population-Estimations","2000","1000 personnes","16799.67"
"Séries temporelles annuelles","Côte d'Ivoire","Population totale","Population-Estimations","2022","1000 personnes","28160.542"
"Séries temporelles annuelles","Croatie","Population totale","Population-Estimations","2000","1000 personnes","4548.434"
"Séries temporelles annuelles","Croatie","Population totale","Population-Estimations","2022","1000 personnes","4030.358"
"Séries temporelles annuelles","Cuba","Population totale","Population-Estimations","2000","1000 personnes","11105.791"
"Séries temporelles annuelles","Cuba","Population totale","Population-Estimations","2022","1000 personnes","11212.191"
"Séries temporelles annuelles","Curaçao","Population totale","Population-Estimations","2022","1000 personnes","191.163"
"Séries temporelles annuelles","Danemark","Population totale","Population-Estimations","2000","1000 personnes","5340.655"
"Séries temporelles annuelles","Danemark","Population totale","Population-Estimations","2022","1000 personnes","5882.261"
"Séries temporelles annuelles","Djibouti","Population totale","Population-Estimations","2000","1000 personnes","742.033"
"Séries temporelles annuelles","Djibouti","Population totale","Population-Estimations","2022","1000 personnes","1120.849"
"Séries temporelles annuelles","Dominique","Population totale","Population-Estimations","2000","1000 personnes","68.346"
"Séries temporelles annuelles","Dominique","Population totale","Population-Estimations","2022","1000 personnes","72.737"
"Séries temporelles annuelles","Égypte","Population totale","Population-Estimations","2000","1000 personnes","71371.371"
"Séries temporelles annuelles","Égypte","Population totale","Population-Estimations","2022","1000 personnes","110990.103"
"Séries temporelles annuelles","El Salvador","Population totale","Population-Estimations","2000","1000 personnes","5958.482"
"Séries temporelles annuelles","El Salvador","Population totale","Population-Estimations","2022","1000 personnes","6336.392"
"Séries temporelles annuelles","Émirats arabes unis","Population totale","Population-Estimations","2000","1000 personnes","3275.333"
"Séries temporelles annuelles","Émirats arabes unis","Population totale","Population-Estimations","2022","1000 personnes","9441.129"
"Séries temporelles annuelles","Équateur","Population totale","Population-Estimations","2000","1000 personnes","12626.507"
"Séries temporelles annuelles","Équateur","Population totale","Population-Estimations","2022","1000 personnes","18001"
"Séries temporelles annuelles","Érythrée","Population totale","Population-Estimations","2000","1000 personnes","2392.88"
"Séries temporelles annuelles","Érythrée","Population totale","Population-Estimations","2022","1000 personnes","3684.032"
"Séries temporelles annuelles","Espagne","Population totale","Population-Estimations","2000","1000 personnes","40741.651"
"Séries temporelles annuelles","Espagne","Population totale","Population-Estimations","2022","1000 personnes","47558.63"
"Séries temporelles annuelles","Estonie","Population totale","Population-Estimations","2000","1000 personnes","1396.877"
"Séries temporelles annuelles","Estonie","Population totale","Population-Estimations","2022","1000 personnes","1326.062"
"Séries temporelles annuelles","Eswatini","Population totale","Population-Estimations","2000","1000 personnes","1030.496"
"Séries temporelles annuelles","Eswatini","Population totale","Population-Estimations","2022","1000 personnes","1201.67"
"Séries temporelles annuelles","États-Unis d'Amérique","Population totale","Population-Estimations","2000","1000 personnes","282398.554"
"Séries temporelles annuelles","États-Unis d'Amérique","Population totale","Population-Estimations","2022","1000 personnes","338289.857"
"Séries temporelles annuelles","Éthiopie","Population totale","Population-Estimations","2000","1000 personnes","67031.867"
"Séries temporelles annuelles","Éthiopie","Population totale","Population-Estimations","2022","1000 personnes","123379.924"
"Séries temporelles annuelles","Fédération de Russie","Population totale","Population-Estimations","2000","1000 personnes","146844.839"
"Séries temporelles annuelles","Fédération de Russie","Population totale","Population-Estimations","2022","1000 personnes","144713.314"
"Séries temporelles annuelles","Fidji","Population totale","Population-Estimations","2000","1000 personnes","832.509"
"Séries temporelles annuelles","Fidji","Population totale","Population-Estimations","2022","1000 personnes","929.766"
"Séries temporelles annuelles","Finlande","Population totale","Population-Estimations","2000","1000 personnes","5176.209"
"Séries temporelles annuelles","Finlande","Population totale","Population-Estimations","2022","1000 personnes","5540.745"
"Séries temporelles annuelles","France","Population totale","Population-Estimations","2000","1000 personnes","58665.453"
"Séries temporelles annuelles","France","Population totale","Population-Estimations","2022","1000 personnes","64626.628"
"Séries temporelles annuelles","Gabon","Population totale","Population-Estimations","2000","1000 personnes","1272.935"
"Séries temporelles annuelles","Gabon","Population totale","Population-Estimations","2022","1000 personnes","2388.992"
"Séries temporelles annuelles","Gambie","Population totale","Population-Estimations","2000","1000 personnes","1437.539"
"Séries temporelles annuelles","Gambie","Population totale","Population-Estimations","2022","1000 personnes","2705.992"
"Séries temporelles annuelles","Géorgie","Population totale","Population-Estimations","2000","1000 personnes","4265.172"
"Séries temporelles annuelles","Géorgie","Population totale","Population-Estimations","2022","1000 personnes","3744.385"
"Séries temporelles annuelles","Ghana","Population totale","Population-Estimations","2000","1000 personnes","19665.502"
"Séries temporelles annuelles","Ghana","Population totale","Population-Estimations","2022","1000 personnes","33475.87"
"Séries temporelles annuelles","Gibraltar","Population totale","Population-Estimations","2000","1000 personnes","27.741"
"Séries temporelles annuelles","Gibraltar","Population totale","Population-Estimations","2022","1000 personnes","32.649"
"Séries temporelles annuelles","Grèce","Population totale","Population-Estimations","2000","1000 personnes","11038.109"
"Séries temporelles annuelles","Grèce","Population totale","Population-Estimations","2022","1000 personnes","10384.971"
"Séries temporelles annuelles","Grenade","Population totale","Population-Estimations","2000","1000 personnes","107.432"
"Séries temporelles annuelles","Grenade","Population totale","Population-Estimations","2022","1000 personnes","125.438"
"Séries temporelles annuelles","Groenland","Population totale","Population-Estimations","2000","1000 personnes","56.184"
"Séries temporelles annuelles","Groenland","Population totale","Population-Estimations","2022","1000 personnes","56.466"
"Séries temporelles annuelles","Guadeloupe","Population totale","Population-Estimations","2000","1000 personnes","424.067"
"Séries temporelles annuelles","Guadeloupe","Population totale","Population-Estimations","2022","1000 personnes","395.752"
"Séries temporelles annuelles","Guam","Population totale","Population-Estimations","2000","1000 personnes","160.188"
"Séries temporelles annuelles","Guam","Population totale","Population-Estimations","2022","1000 personnes","171.774"
"Séries temporelles annuelles","Guatemala","Population totale","Population-Estimations","2000","1000 personnes","11735.894"
"Séries temporelles annuelles","Guatemala","Population totale","Population-Estimations","2022","1000 personnes","17843.908"
"Séries temporelles annuelles","Guinée","Population totale","Population-Estimations","2000","1000 personnes","8336.967"
"Séries temporelles annuelles","Guinée","Population totale","Population-Estimations","2022","1000 personnes","13859.341"
"Séries temporelles annuelles","Guinée équatoriale","Population totale","Population-Estimations","2000","1000 personnes","684.977"
"Séries temporelles annuelles","Guinée équatoriale","Population totale","Population-Estimations","2022","1000 personnes","1674.908"
"Séries temporelles annuelles","Guinée-Bissau","Population totale","Population-Estimations","2000","1000 personnes","1230.849"
"Séries temporelles annuelles","Guinée-Bissau","Population totale","Population-Estimations","2022","1000 personnes","2105.566"
"Séries temporelles annuelles","Guyana","Population totale","Population-Estimations","2000","1000 personnes","759.051"
"Séries temporelles annuelles","Guyana","Population totale","Population-Estimations","2022","1000 personnes","808.726"
"Séries temporelles annuelles","Guyane française","Population totale","Population-Estimations","2000","1000 personnes","164.351"
"Séries temporelles annuelles","Guyane française","Population totale","Population-Estimations","2022","1000 personnes","304.557"
"Séries temporelles annuelles","Haïti","Population totale","Population-Estimations","2000","1000 personnes","8360.225"
"Séries temporelles annuelles","Haïti","Population totale","Population-Estimations","2022","1000 personnes","11584.996"
"Séries temporelles annuelles","Honduras","Population totale","Population-Estimations","2000","1000 personnes","6656.725"
"Séries temporelles annuelles","Honduras","Population totale","Population-Estimations","2022","1000 personnes","10432.86"
"Séries temporelles annuelles","Hongrie","Population totale","Population-Estimations","2000","1000 personnes","10202.055"
"Séries temporelles annuelles","Hongrie","Population totale","Population-Estimations","2022","1000 personnes","9967.308"
"Séries temporelles annuelles","Île de Man","Population totale","Population-Estimations","2000","1000 personnes","75.562"
"Séries temporelles annuelles","Île de Man","Population totale","Population-Estimations","2022","1000 personnes","84.519"
"Séries temporelles annuelles","Îles Caïmanes","Population totale","Population-Estimations","2000","1000 personnes","39.658"
"Séries temporelles annuelles","Îles Caïmanes","Population totale","Population-Estimations","2022","1000 personnes","68.706"
"Séries temporelles annuelles","Îles Cook","Population totale","Population-Estimations","2000","1000 personnes","15.897"
"Séries temporelles annuelles","Îles Cook","Population totale","Population-Estimations","2022","1000 personnes","17.011"
"Séries temporelles annuelles","Îles Falkland (Malvinas)","Population totale","Population-Estimations","2000","1000 personnes","3.08"
"Séries temporelles annuelles","Îles Falkland (Malvinas)","Population totale","Population-Estimations","2022","1000 personnes","3.78"
"Séries temporelles annuelles","Îles Féroé","Population totale","Population-Estimations","2000","1000 personnes","45.66"
"Séries temporelles annuelles","Îles Féroé","Population totale","Population-Estimations","2022","1000 personnes","53.09"
"Séries temporelles annuelles","Îles Mariannes du Nord","Population totale","Population-Estimations","2000","1000 personnes","80.338"
"Séries temporelles annuelles","Îles Mariannes du Nord","Population totale","Population-Estimations","2022","1000 personnes","49.551"
"Séries temporelles annuelles","Îles Marshall","Population totale","Population-Estimations","2000","1000 personnes","54.224"
"Séries temporelles annuelles","Îles Marshall","Population totale","Population-Estimations","2022","1000 personnes","41.569"
"Séries temporelles annuelles","Îles Salomon","Population totale","Population-Estimations","2000","1000 personnes","429.978"
"Séries temporelles annuelles","Îles Salomon","Population totale","Population-Estimations","2022","1000 personnes","724.273"
"Séries temporelles annuelles","Îles Turques-et-Caïques","Population totale","Population-Estimations","2000","1000 personnes","18.744"
"Séries temporelles annuelles","Îles Turques-et-Caïques","Population totale","Population-Estimations","2022","1000 personnes","45.703"
"Séries temporelles annuelles","Îles Vierges américaines","Population totale","Population-Estimations","2000","1000 personnes","108.185"
"Séries temporelles annuelles","Îles Vierges américaines","Population totale","Population-Estimations","2022","1000 personnes","99.465"
"Séries temporelles annuelles","Îles Vierges britanniques","Population totale","Population-Estimations","2000","1000 personnes","20.104"
"Séries temporelles annuelles","Îles Vierges britanniques","Population totale","Population-Estimations","2022","1000 personnes","31.305"
"Séries temporelles annuelles","Îles Wallis-et-Futuna","Population totale","Population-Estimations","2000","1000 personnes","14.723"
"Séries temporelles annuelles","Îles Wallis-et-Futuna","Population totale","Population-Estimations","2022","1000 personnes","11.572"
"Séries temporelles annuelles","Inde","Population totale","Population-Estimations","2000","1000 personnes","1059633.675"
"Séries temporelles annuelles","Inde","Population totale","Population-Estimations","2022","1000 personnes","1417173.173"
"Séries temporelles annuelles","Indonésie","Population totale","Population-Estimations","2000","1000 personnes","214072.421"
"Séries temporelles annuelles","Indonésie","Population totale","Population-Estimations","2022","1000 personnes","275501.339"
"Séries temporelles annuelles","Iran (République islamique d')","Population totale","Population-Estimations","2000","1000 personnes","65544.383"
"Séries temporelles annuelles","Iran (République islamique d')","Population totale","Population-Estimations","2022","1000 personnes","88550.57"
"Séries temporelles annuelles","Iraq","Population totale","Population-Estimations","2000","1000 personnes","24628.858"
"Séries temporelles annuelles","Iraq","Population totale","Population-Estimations","2022","1000 personnes","44496.122"
"Séries temporelles annuelles","Irlande","Population totale","Population-Estimations","2000","1000 personnes","3768.95"
"Séries temporelles annuelles","Irlande","Population totale","Population-Estimations","2022","1000 personnes","5023.109"
"Séries temporelles annuelles","Islande","Population totale","Population-Estimations","2000","1000 personnes","281.462"
"Séries temporelles annuelles","Islande","Population totale","Population-Estimations","2022","1000 personnes","372.899"
"Séries temporelles annuelles","Israël","Population totale","Population-Estimations","2000","1000 personnes","6116.958"
"Séries temporelles annuelles","Israël","Population totale","Population-Estimations","2022","1000 personnes","9038.309"
"Séries temporelles annuelles","Italie","Population totale","Population-Estimations","2000","1000 personnes","56966.397"
"Séries temporelles annuelles","Italie","Population totale","Population-Estimations","2022","1000 personnes","59037.474"
"Séries temporelles annuelles","Jamaïque","Population totale","Population-Estimations","2000","1000 personnes","2612.205"
"Séries temporelles annuelles","Jamaïque","Population totale","Population-Estimations","2022","1000 personnes","2827.377"
"Séries temporelles annuelles","Japon","Population totale","Population-Estimations","2000","1000 personnes","126803.861"
"Séries temporelles annuelles","Japon","Population totale","Population-Estimations","2022","1000 personnes","123951.692"
"Séries temporelles annuelles","Jordanie","Population totale","Population-Estimations","2000","1000 personnes","5056.174"
"Séries temporelles annuelles","Jordanie","Population totale","Population-Estimations","2022","1000 personnes","11285.869"
"Séries temporelles annuelles","Kazakhstan","Population totale","Population-Estimations","2000","1000 personnes","15236.253"
"Séries temporelles annuelles","Kazakhstan","Population totale","Population-Estimations","2022","1000 personnes","19397.998"
"Séries temporelles annuelles","Kenya","Population totale","Population-Estimations","2000","1000 personnes","30851.606"
"Séries temporelles annuelles","Kenya","Population totale","Population-Estimations","2022","1000 personnes","54027.487"
"Séries temporelles annuelles","Kirghizistan","Population totale","Population-Estimations","2000","1000 personnes","4935.182"
"Séries temporelles annuelles","Kirghizistan","Population totale","Population-Estimations","2022","1000 personnes","6630.623"
"Séries temporelles annuelles","Kiribati","Population totale","Population-Estimations","2000","1000 personnes","88.826"
"Séries temporelles annuelles","Kiribati","Population totale","Population-Estimations","2022","1000 personnes","131.232"
"Séries temporelles annuelles","Koweït","Population totale","Population-Estimations","2000","1000 personnes","1934.901"
"Séries temporelles annuelles","Koweït","Population totale","Population-Estimations","2022","1000 personnes","4268.873"
"Séries temporelles annuelles","Lesotho","Population totale","Population-Estimations","2000","1000 personnes","1998.63"
"Séries temporelles annuelles","Lesotho","Population totale","Population-Estimations","2022","1000 personnes","2305.825"
"Séries temporelles annuelles","Lettonie","Population totale","Population-Estimations","2000","1000 personnes","2392.53"
"Séries temporelles annuelles","Lettonie","Population totale","Population-Estimations","2022","1000 personnes","1850.651"
"Séries temporelles annuelles","Liban","Population totale","Population-Estimations","2000","1000 personnes","4320.642"
"Séries temporelles annuelles","Liban","Population totale","Population-Estimations","2022","1000 personnes","5489.739"
"Séries temporelles annuelles","Libéria","Population totale","Population-Estimations","2000","1000 personnes","2895.224"
"Séries temporelles annuelles","Libéria","Population totale","Population-Estimations","2022","1000 personnes","5302.681"
"Séries temporelles annuelles","Libye","Population totale","Population-Estimations","2000","1000 personnes","5154.79"
"Séries temporelles annuelles","Libye","Population totale","Population-Estimations","2022","1000 personnes","6812.341"
"Séries temporelles annuelles","Liechtenstein","Population totale","Population-Estimations","2000","1000 personnes","33.026"
"Séries temporelles annuelles","Liechtenstein","Population totale","Population-Estimations","2022","1000 personnes","39.327"
"Séries temporelles annuelles","Lituanie","Population totale","Population-Estimations","2000","1000 personnes","3599.637"
"Séries temporelles annuelles","Lituanie","Population totale","Population-Estimations","2022","1000 personnes","2750.055"
"Séries temporelles annuelles","Luxembourg","Population totale","Population-Estimations","2000","1000 personnes","435.628"
"Séries temporelles annuelles","Luxembourg","Population totale","Population-Estimations","2022","1000 personnes","647.599"
"Séries temporelles annuelles","Macédoine du Nord","Population totale","Population-Estimations","2000","1000 personnes","2037.936"
"Séries temporelles annuelles","Macédoine du Nord","Population totale","Population-Estimations","2022","1000 personnes","2093.599"
"Séries temporelles annuelles","Madagascar","Population totale","Population-Estimations","2000","1000 personnes","16216.431"
"Séries temporelles annuelles","Madagascar","Population totale","Population-Estimations","2022","1000 personnes","29611.714"
"Séries temporelles annuelles","Malaisie","Population totale","Population-Estimations","2000","1000 personnes","22945.15"
"Séries temporelles annuelles","Malaisie","Population totale","Population-Estimations","2022","1000 personnes","33938.221"
"Séries temporelles annuelles","Malawi","Population totale","Population-Estimations","2000","1000 personnes","11229.387"
"Séries temporelles annuelles","Malawi","Population totale","Population-Estimations","2022","1000 personnes","20405.317"
"Séries temporelles annuelles","Maldives","Population totale","Population-Estimations","2000","1000 personnes","282.507"
"Séries temporelles annuelles","Maldives","Population totale","Population-Estimations","2022","1000 personnes","523.787"
"Séries temporelles annuelles","Mali","Population totale","Population-Estimations","2000","1000 personnes","11239.101"
"Séries temporelles annuelles","Mali","Population totale","Population-Estimations","2022","1000 personnes","22593.59"
"Séries temporelles annuelles","Malte","Population totale","Population-Estimations","2000","1000 personnes","399.212"
"Séries temporelles annuelles","Malte","Population totale","Population-Estimations","2022","1000 personnes","533.286"
"Séries temporelles annuelles","Maroc","Population totale","Population-Estimations","2000","1000 personnes","28554.415"
"Séries temporelles annuelles","Maroc","Population totale","Population-Estimations","2022","1000 personnes","37457.971"
"Séries temporelles annuelles","Martinique","Population totale","Population-Estimations","2000","1000 personnes","432.543"
"Séries temporelles annuelles","Martinique","Population totale","Population-Estimations","2022","1000 personnes","367.507"
"Séries temporelles annuelles","Maurice","Population totale","Population-Estimations","2000","1000 personnes","1215.93"
"Séries temporelles annuelles","Maurice","Population totale","Population-Estimations","2022","1000 personnes","1299.469"
"Séries temporelles annuelles","Mauritanie","Population totale","Population-Estimations","2000","1000 personnes","2695.003"
"Séries temporelles annuelles","Mauritanie","Population totale","Population-Estimations","2022","1000 personnes","4736.139"
"Séries temporelles annuelles","Mayotte","Population totale","Population-Estimations","2000","1000 personnes","159.215"
"Séries temporelles annuelles","Mayotte","Population totale","Population-Estimations","2022","1000 personnes","326.101"
"Séries temporelles annuelles","Mexique","Population totale","Population-Estimations","2000","1000 personnes","97873.442"
"Séries temporelles annuelles","Mexique","Population totale","Population-Estimations","2022","1000 personnes","127504.125"
"Séries temporelles annuelles","Micronésie (États fédérés de)","Population totale","Population-Estimations","2000","1000 personnes","111.709"
"Séries temporelles annuelles","Micronésie (États fédérés de)","Population totale","Population-Estimations","2022","1000 personnes","114.164"
"Séries temporelles annuelles","Monaco","Population totale","Population-Estimations","2000","1000 personnes","32.465"
"Séries temporelles annuelles","Monaco","Population totale","Population-Estimations","2022","1000 personnes","36.469"
"Séries temporelles annuelles","Mongolie","Population totale","Population-Estimations","2000","1000 personnes","2450.979"
"Séries temporelles annuelles","Mongolie","Population totale","Population-Estimations","2022","1000 personnes","3398.366"
"Séries temporelles annuelles","Monténégro","Population totale","Population-Estimations","2022","1000 personnes","627.082"
"Séries temporelles annuelles","Montserrat","Population totale","Population-Estimations","2000","1000 personnes","5.138"
"Séries temporelles annuelles","Montserrat","Population totale","Population-Estimations","2022","1000 personnes","4.39"
"Séries temporelles annuelles","Mozambique","Population totale","Population-Estimations","2000","1000 personnes","17768.505"
"Séries temporelles annuelles","Mozambique","Population totale","Population-Estimations","2022","1000 personnes","32969.518"
"Séries temporelles annuelles","Myanmar","Population totale","Population-Estimations","2000","1000 personnes","45538.332"
"Séries temporelles annuelles","Myanmar","Population totale","Population-Estimations","2022","1000 personnes","54179.306"
"Séries temporelles annuelles","Namibie","Population totale","Population-Estimations","2000","1000 personnes","1819.141"
"Séries temporelles annuelles","Namibie","Population totale","Population-Estimations","2022","1000 personnes","2567.012"
"Séries temporelles annuelles","Nauru","Population totale","Population-Estimations","2000","1000 personnes","10.377"
"Séries temporelles annuelles","Nauru","Population totale","Population-Estimations","2022","1000 personnes","12.668"
"Séries temporelles annuelles","Népal","Population totale","Population-Estimations","2000","1000 personnes","24559.5"
"Séries temporelles annuelles","Népal","Population totale","Population-Estimations","2022","1000 personnes","30547.58"
"Séries temporelles annuelles","Nicaragua","Population totale","Population-Estimations","2000","1000 personnes","5123.222"
"Séries temporelles annuelles","Nicaragua","Population totale","Population-Estimations","2022","1000 personnes","6948.392"
"Séries temporelles annuelles","Niger","Population totale","Population-Estimations","2000","1000 personnes","11622.665"
"Séries temporelles annuelles","Niger","Population totale","Population-Estimations","2022","1000 personnes","26207.977"
"Séries temporelles annuelles","Nigéria","Population totale","Population-Estimations","2000","1000 personnes","122851.984"
"Séries temporelles annuelles","Nigéria","Population totale","Population-Estimations","2022","1000 personnes","218541.212"
"Séries temporelles annuelles","Nioué","Population totale","Population-Estimations","2000","1000 personnes","2.074"
"Séries temporelles annuelles","Nioué","Population totale","Population-Estimations","2022","1000 personnes","1.934"
"Séries temporelles annuelles","Norvège","Population totale","Population-Estimations","2000","1000 personnes","4491.202"
"Séries temporelles annuelles","Norvège","Population totale","Population-Estimations","2022","1000 personnes","5434.319"
"Séries temporelles annuelles","Nouvelle-Calédonie","Population totale","Population-Estimations","2000","1000 personnes","221.537"
"Séries temporelles annuelles","Nouvelle-Calédonie","Population totale","Population-Estimations","2022","1000 personnes","289.95"
"Séries temporelles annuelles","Nouvelle-Zélande","Population totale","Population-Estimations","2000","1000 personnes","3855.266"
"Séries temporelles annuelles","Nouvelle-Zélande","Population totale","Population-Estimations","2022","1000 personnes","5185.288"
"Séries temporelles annuelles","Oman","Population totale","Population-Estimations","2000","1000 personnes","2344.253"
"Séries temporelles annuelles","Oman","Population totale","Population-Estimations","2022","1000 personnes","4576.298"
"Séries temporelles annuelles","Ouganda","Population totale","Population-Estimations","2000","1000 personnes","24020.697"
"Séries temporelles annuelles","Ouganda","Population totale","Population-Estimations","2022","1000 personnes","47249.585"
"Séries temporelles annuelles","Ouzbékistan","Population totale","Population-Estimations","2000","1000 personnes","24925.554"
"Séries temporelles annuelles","Ouzbékistan","Population totale","Population-Estimations","2022","1000 personnes","34627.652"
"Séries temporelles annuelles","Pakistan","Population totale","Population-Estimations","2000","1000 personnes","154369.924"
"Séries temporelles annuelles","Pakistan","Population totale","Population-Estimations","2022","1000 personnes","235824.862"
"Séries temporelles annuelles","Palaos","Population totale","Population-Estimations","2000","1000 personnes","19.726"
"Séries temporelles annuelles","Palaos","Population totale","Population-Estimations","2022","1000 personnes","18.055"
"Séries temporelles annuelles","Palestine","Population totale","Population-Estimations","2000","1000 personnes","3139.954"
"Séries temporelles annuelles","Palestine","Population totale","Population-Estimations","2022","1000 personnes","5250.072"
"Séries temporelles annuelles","Panama","Population totale","Population-Estimations","2000","1000 personnes","3001.731"
"Séries temporelles annuelles","Panama","Population totale","Population-Estimations","2022","1000 personnes","4408.581"
"Séries temporelles annuelles","Papouasie-Nouvelle-Guinée","Population totale","Population-Estimations","2000","1000 personnes","5508.297"
"Séries temporelles annuelles","Papouasie-Nouvelle-Guinée","Population totale","Population-Estimations","2022","1000 personnes","10142.619"
"Séries temporelles annuelles","Paraguay","Population totale","Population-Estimations","2000","1000 personnes","5123.819"
"Séries temporelles annuelles","Paraguay","Population totale","Population-Estimations","2022","1000 personnes","6780.744"
"Séries temporelles annuelles","Pays-Bas (Royaume des)","Population totale","Population-Estimations","2000","1000 personnes","15899.135"
"Séries temporelles annuelles","Pays-Bas (Royaume des)","Population totale","Population-Estimations","2022","1000 personnes","17564.014"
"Séries temporelles annuelles","Pérou","Population totale","Population-Estimations","2000","1000 personnes","26654.439"
"Séries temporelles annuelles","Pérou","Population totale","Population-Estimations","2022","1000 personnes","34049.588"
"Séries temporelles annuelles","Philippines","Population totale","Population-Estimations","2000","1000 personnes","77958.223"
"Séries temporelles annuelles","Philippines","Population totale","Population-Estimations","2022","1000 personnes","115559.009"
"Séries temporelles annuelles","Pologne","Population totale","Population-Estimations","2000","1000 personnes","38504.431"
"Séries temporelles annuelles","Pologne","Population totale","Population-Estimations","2022","1000 personnes","39857.145"
"Séries temporelles annuelles","Polynésie française","Population totale","Population-Estimations","2000","1000 personnes","250.927"
"Séries temporelles annuelles","Polynésie française","Population totale","Population-Estimations","2022","1000 personnes","306.279"
"Séries temporelles annuelles","Porto Rico","Population totale","Population-Estimations","2000","1000 personnes","3827.108"
"Séries temporelles annuelles","Porto Rico","Population totale","Population-Estimations","2022","1000 personnes","3252.407"
"Séries temporelles annuelles","Portugal","Population totale","Population-Estimations","2000","1000 personnes","10300.626"
"Séries temporelles annuelles","Portugal","Population totale","Population-Estimations","2022","1000 personnes","10270.865"
"Séries temporelles annuelles","Qatar","Population totale","Population-Estimations","2000","1000 personnes","645.937"
"Séries temporelles annuelles","Qatar","Population totale","Population-Estimations","2022","1000 personnes","2695.122"
"Séries temporelles annuelles","République arabe syrienne","Population totale","Population-Estimations","2000","1000 personnes","16307.654"
"Séries temporelles annuelles","République arabe syrienne","Population totale","Population-Estimations","2022","1000 personnes","22125.249"
"Séries temporelles annuelles","République centrafricaine","Population totale","Population-Estimations","2000","1000 personnes","3759.17"
"Séries temporelles annuelles","République centrafricaine","Population totale","Population-Estimations","2022","1000 personnes","5579.144"
"Séries temporelles annuelles","République de Corée","Population totale","Population-Estimations","2000","1000 personnes","46788.591"
"Séries temporelles annuelles","République de Corée","Population totale","Population-Estimations","2022","1000 personnes","51815.81"
"Séries temporelles annuelles","République de Moldova","Population totale","Population-Estimations","2000","1000 personnes","4251.573"
"Séries temporelles annuelles","République de Moldova","Population totale","Population-Estimations","2022","1000 personnes","3272.996"
"Séries temporelles annuelles","République démocratique du Congo","Population totale","Population-Estimations","2000","1000 personnes","48616.317"
"Séries temporelles annuelles","République démocratique du Congo","Population totale","Population-Estimations","2022","1000 personnes","99010.212"
"Séries temporelles annuelles","République démocratique populaire lao","Population totale","Population-Estimations","2000","1000 personnes","5430.853"
"Séries temporelles annuelles","République démocratique populaire lao","Population totale","Population-Estimations","2022","1000 personnes","7529.475"
"Séries temporelles annuelles","République dominicaine","Population totale","Population-Estimations","2000","1000 personnes","8540.791"
"Séries temporelles annuelles","République dominicaine","Population totale","Population-Estimations","2022","1000 personnes","11228.821"
"Séries temporelles annuelles","République populaire démocratique de Corée","Population totale","Population-Estimations","2000","1000 personnes","23367.059"
"Séries temporelles annuelles","République populaire démocratique de Corée","Population totale","Population-Estimations","2022","1000 personnes","26069.416"
"Séries temporelles annuelles","République-Unie de Tanzanie","Population totale","Population-Estimations","2000","1000 personnes","34463.704"
"Séries temporelles annuelles","République-Unie de Tanzanie","Population totale","Population-Estimations","2022","1000 personnes","65497.748"
"Séries temporelles annuelles","Réunion","Population totale","Population-Estimations","2000","1000 personnes","785.424"
"Séries temporelles annuelles","Réunion","Population totale","Population-Estimations","2022","1000 personnes","974.052"
"Séries temporelles annuelles","Roumanie","Population totale","Population-Estimations","2000","1000 personnes","21919.876"
"Séries temporelles annuelles","Roumanie","Population totale","Population-Estimations","2022","1000 personnes","19659.267"
"Séries temporelles annuelles","Royaume-Uni de Grande-Bretagne et d'Irlande du Nord","Population totale","Population-Estimations","2000","1000 personnes","58850.043"
"Séries temporelles annuelles","Royaume-Uni de Grande-Bretagne et d'Irlande du Nord","Population totale","Population-Estimations","2022","1000 personnes","67508.936"
"Séries temporelles annuelles","Rwanda","Population totale","Population-Estimations","2000","1000 personnes","8109.989"
"Séries temporelles annuelles","Rwanda","Population totale","Population-Estimations","2022","1000 personnes","13776.698"
"Séries temporelles annuelles","Sahara occidental","Population totale","Population-Estimations","2000","1000 personnes","270.375"
"Séries temporelles annuelles","Sahara occidental","Population totale","Population-Estimations","2022","1000 personnes","575.986"
"Séries temporelles annuelles","Saint-Barthélemy","Population totale","Population-Estimations","2022","1000 personnes","10.967"
"Séries temporelles annuelles","Sainte-Hélène, Ascension et Tristan da Cunha","Population totale","Population-Estimations","2000","1000 personnes","6.024"
"Séries temporelles annuelles","Sainte-Hélène, Ascension et Tristan da Cunha","Population totale","Population-Estimations","2022","1000 personnes","5.374"
"Séries temporelles annuelles","Sainte-Lucie","Population totale","Population-Estimations","2000","1000 personnes","159.5"
"Séries temporelles annuelles","Sainte-Lucie","Population totale","Population-Estimations","2022","1000 personnes","179.857"
"Séries temporelles annuelles","Saint-Kitts-et-Nevis","Population totale","Population-Estimations","2000","1000 personnes","45.461"
"Séries temporelles annuelles","Saint-Kitts-et-Nevis","Population totale","Population-Estimations","2022","1000 personnes","47.657"
"Séries temporelles annuelles","Saint-Marin","Population totale","Population-Estimations","2000","1000 personnes","26.823"
"Séries temporelles annuelles","Saint-Marin","Population totale","Population-Estimations","2022","1000 personnes","33.66"
"Séries temporelles annuelles","Saint-Martin (partie française)","Population totale","Population-Estimations","2022","1000 personnes","31.791"
"Séries temporelles annuelles","Saint-Pierre-et-Miquelon","Population totale","Population-Estimations","2000","1000 personnes","6.274"
"Séries temporelles annuelles","Saint-Pierre-et-Miquelon","Population totale","Population-Estimations","2022","1000 personnes","5.862"
"Séries temporelles annuelles","Saint-Siège","Population totale","Population-Estimations","2000","1000 personnes","0.651"
"Séries temporelles annuelles","Saint-Siège","Population totale","Population-Estimations","2022","1000 personnes","0.51"
"Séries temporelles annuelles","Saint-Vincent-et-les Grenadines","Population totale","Population-Estimations","2000","1000 personnes","113.813"
"Séries temporelles annuelles","Saint-Vincent-et-les Grenadines","Population totale","Population-Estimations","2022","1000 personnes","103.948"
"Séries temporelles annuelles","Samoa","Population totale","Population-Estimations","2000","1000 personnes","184.008"
"Séries temporelles annuelles","Samoa","Population totale","Population-Estimations","2022","1000 personnes","222.382"
"Séries temporelles annuelles","Samoa américaines","Population totale","Population-Estimations","2000","1000 personnes","58.23"
"Séries temporelles annuelles","Samoa américaines","Population totale","Population-Estimations","2022","1000 personnes","44.273"
"Séries temporelles annuelles","Sao Tomé-et-Principe","Population totale","Population-Estimations","2000","1000 personnes","143.714"
"Séries temporelles annuelles","Sao Tomé-et-Principe","Population totale","Population-Estimations","2022","1000 personnes","227.38"
"Séries temporelles annuelles","Sénégal","Population totale","Population-Estimations","2000","1000 personnes","9704.287"
"Séries temporelles annuelles","Sénégal","Population totale","Population-Estimations","2022","1000 personnes","17316.449"
"Séries temporelles annuelles","Serbie","Population totale","Population-Estimations","2022","1000 personnes","7221.365"
"Séries temporelles annuelles","Serbie-et-Monténégro","Population totale","Population-Estimations","2000","1000 personnes","8568.346"
"Séries temporelles annuelles","Seychelles","Population totale","Population-Estimations","2000","1000 personnes","80.06"
"Séries temporelles annuelles","Seychelles","Population totale","Population-Estimations","2022","1000 personnes","107.118"
"Séries temporelles annuelles","Sierra Leone","Population totale","Population-Estimations","2000","1000 personnes","4584.067"
"Séries temporelles annuelles","Sierra Leone","Population totale","Population-Estimations","2022","1000 personnes","8605.718"
"Séries temporelles annuelles","Singapour","Population totale","Population-Estimations","2000","1000 personnes","4053.602"
"Séries temporelles annuelles","Singapour","Population totale","Population-Estimations","2022","1000 personnes","5975.689"
"Séries temporelles annuelles","Sint Maarten (partie néerlandaise)","Population totale","Population-Estimations","2022","1000 personnes","44.175"
"Séries temporelles annuelles","Slovaquie","Population totale","Population-Estimations","2000","1000 personnes","5376.69"
"Séries temporelles annuelles","Slovaquie","Population totale","Population-Estimations","2022","1000 personnes","5643.453"
"Séries temporelles annuelles","Slovénie","Population totale","Population-Estimations","2000","1000 personnes","1984.339"
"Séries temporelles annuelles","Slovénie","Population totale","Population-Estimations","2022","1000 personnes","2119.844"
"Séries temporelles annuelles","Somalie","Population totale","Population-Estimations","2000","1000 personnes","8721.465"
"Séries temporelles annuelles","Somalie","Population totale","Population-Estimations","2022","1000 personnes","17597.511"
"Séries temporelles annuelles","Soudan","Population totale","Population-Estimations","2022","1000 personnes","46874.204"
"Séries temporelles annuelles","Soudan (ex)","Population totale","Population-Estimations","2000","1000 personnes","32413.213"
"Séries temporelles annuelles","Soudan du Sud","Population totale","Population-Estimations","2022","1000 personnes","10913.164"
"Séries temporelles annuelles","Sri Lanka","Population totale","Population-Estimations","2000","1000 personnes","18776.371"
"Séries temporelles annuelles","Sri Lanka","Population totale","Population-Estimations","2022","1000 personnes","21832.143"
"Séries temporelles annuelles","Suède","Population totale","Population-Estimations","2000","1000 personnes","8871.043"
"Séries temporelles annuelles","Suède","Population totale","Population-Estimations","2022","1000 personnes","10549.347"
"Séries temporelles annuelles","Suisse","Population totale","Population-Estimations","2000","1000 personnes","7182.059"
"Séries temporelles annuelles","Suisse","Population totale","Population-Estimations","2022","1000 personnes","8740.472"
"Séries temporelles annuelles","Suriname","Population totale","Population-Estimations","2000","1000 personnes","478.998"
"Séries temporelles annuelles","Suriname","Population totale","Population-Estimations","2022","1000 personnes","618.04"
"Séries temporelles annuelles","Tadjikistan","Population totale","Population-Estimations","2000","1000 personnes","6272.998"
"Séries temporelles annuelles","Tadjikistan","Population totale","Population-Estimations","2022","1000 personnes","9952.787"
"Séries temporelles annuelles","Tchad","Population totale","Population-Estimations","2000","1000 personnes","8259.137"
"Séries temporelles annuelles","Tchad","Population totale","Population-Estimations","2022","1000 personnes","17723.315"
"Séries temporelles annuelles","Tchéquie","Population totale","Population-Estimations","2000","1000 personnes","10234.71"
"Séries temporelles annuelles","Tchéquie","Population totale","Population-Estimations","2022","1000 personnes","10493.986"
"Séries temporelles annuelles","Thaïlande","Population totale","Population-Estimations","2000","1000 personnes","63066.603"
"Séries temporelles annuelles","Thaïlande","Population totale","Population-Estimations","2022","1000 personnes","71697.03"
"Séries temporelles annuelles","Timor-Leste","Population totale","Population-Estimations","2000","1000 personnes","878.36"
"Séries temporelles annuelles","Timor-Leste","Population totale","Population-Estimations","2022","1000 personnes","1341.296"
"Séries temporelles annuelles","Togo","Population totale","Population-Estimations","2000","1000 personnes","5008.035"
"Séries temporelles annuelles","Togo","Population totale","Population-Estimations","2022","1000 personnes","8848.699"
"Séries temporelles annuelles","Tokélaou","Population totale","Population-Estimations","2000","1000 personnes","1.666"
"Séries temporelles annuelles","Tokélaou","Population totale","Population-Estimations","2022","1000 personnes","1.871"
"Séries temporelles annuelles","Tonga","Population totale","Population-Estimations","2000","1000 personnes","102.603"
"Séries temporelles annuelles","Tonga","Population totale","Population-Estimations","2022","1000 personnes","106.858"
"Séries temporelles annuelles","Trinité-et-Tobago","Population totale","Population-Estimations","2000","1000 personnes","1332.203"
"Séries temporelles annuelles","Trinité-et-Tobago","Population totale","Population-Estimations","2022","1000 personnes","1531.044"
"Séries temporelles annuelles","Tunisie","Population totale","Population-Estimations","2000","1000 personnes","9893.316"
"Séries temporelles annuelles","Tunisie","Population totale","Population-Estimations","2022","1000 personnes","12356.117"
"Séries temporelles annuelles","Turkménistan","Population totale","Population-Estimations","2000","1000 personnes","4569.132"
"Séries temporelles annuelles","Turkménistan","Population totale","Population-Estimations","2022","1000 personnes","6430.77"
"Séries temporelles annuelles","Turquie","Population totale","Population-Estimations","2000","1000 personnes","64113.547"
"Séries temporelles annuelles","Turquie","Population totale","Population-Estimations","2022","1000 personnes","85341.241"
"Séries temporelles annuelles","Tuvalu","Population totale","Population-Estimations","2000","1000 personnes","9.638"
"Séries temporelles annuelles","Tuvalu","Population totale","Population-Estimations","2022","1000 personnes","11.312"
"Séries temporelles annuelles","Ukraine","Population totale","Population-Estimations","2000","1000 personnes","48879.755"
"Séries temporelles annuelles","Ukraine","Population totale","Population-Estimations","2022","1000 personnes","39701.739"
"Séries temporelles annuelles","Uruguay","Population totale","Population-Estimations","2000","1000 personnes","3292.224"
"Séries temporelles annuelles","Uruguay","Population totale","Population-Estimations","2022","1000 personnes","3422.794"
"Séries temporelles annuelles","Vanuatu","Population totale","Population-Estimations","2000","1000 personnes","192.074"
"Séries temporelles annuelles","Vanuatu","Population totale","Population-Estimations","2022","1000 personnes","326.74"
"Séries temporelles annuelles","Venezuela (République bolivarienne du)","Population totale","Population-Estimations","2000","1000 personnes","24427.729"
"Séries temporelles annuelles","Venezuela (République bolivarienne du)","Population totale","Population-Estimations","2022","1000 personnes","28301.696"
"Séries temporelles annuelles","Viet Nam","Population totale","Population-Estimations","2000","1000 personnes","79001.142"
"Séries temporelles annuelles","Viet Nam","Population totale","Population-Estimations","2022","1000 personnes","98186.856"
"Séries temporelles annuelles","Yémen","Population totale","Population-Estimations","2000","1000 personnes","18628.7"
"Séries temporelles annuelles","Yémen","Population totale","Population-Estimations","2022","1000 personnes","33696.614"
"Séries temporelles annuelles","Zambie","Population totale","Population-Estimations","2000","1000 personnes","9891.136"
"Séries temporelles annuelles","Zambie","Population totale","Population-Estimations","2022","1000 personnes","20017.675"
"Séries temporelles annuelles","Zimbabwe","Population totale","Population-Estimations","2000","1000 personnes","11834.676"
"Séries temporelles annuelles","Zimbabwe","Population totale","Population-Estimations","2022","1000 personnes","16320.537"
